/3523/55144/1/coadd, 1D: 4619, 147808
/3523/55144/10/coadd, 1D: 4619, 147808
/3523/55144/100/coadd, 1D: 4619, 147808
/3523/55144/1000/coadd, 1D: 4619, 147808
/3523/55144/1000/exposures/103138/b, 1D: 4112, 131584
/3523/55144/1000/exposures/103138/r, 1D: 4128, 132096
/3523/55144/1000/exposures/103139/b, 1D: 4112, 131584
/3523/55144/1000/exposures/103139/r, 1D: 4128, 132096
/3523/55144/1000/exposures/103140/b, 1D: 4112, 131584
/3523/55144/1000/exposures/103140/r, 1D: 4128, 132096
/3523/55144/1000/exposures/103178/b, 1D: 4112, 131584
/3523/55144/1000/exposures/103178/r, 1D: 4128, 132096
/3523/55144/1000/exposures/103179/b, 1D: 4112, 131584
/3523/55144/1000/exposures/103179/r, 1D: 4128, 132096
/3523/55144/1000/exposures/103180/b, 1D: 4112, 131584
/3523/55144/1000/exposures/103180/r, 1D: 4128, 132096
/3523/55144/101/coadd, 1D: 4619, 147808
/3523/55144/102/coadd, 1D: 4619, 147808
/3523/55144/103/coadd, 1D: 4619, 147808
/3523/55144/104/coadd, 1D: 4619, 147808
/3523/55144/105/coadd, 1D: 4619, 147808
/3523/55144/106/coadd, 1D: 4619, 147808
/3523/55144/107/coadd, 1D: 4619, 147808
/3523/55144/108/coadd, 1D: 4619, 147808
/3523/55144/109/coadd, 1D: 4619, 147808
/3523/55144/11/coadd, 1D: 4619, 147808
/3523/55144/110/coadd, 1D: 4619, 147808
/3523/55144/111/coadd, 1D: 4619, 147808
/3523/55144/112/coadd, 1D: 4619, 147808
/3523/55144/113/coadd, 1D: 4619, 147808
/3523/55144/114/coadd, 1D: 4619, 147808
/3523/55144/115/coadd, 1D: 4619, 147808
/3523/55144/116/coadd, 1D: 4619, 147808
/3523/55144/117/coadd, 1D: 4619, 147808
/3523/55144/118/coadd, 1D: 4619, 147808
/3523/55144/119/coadd, 1D: 4619, 147808
/3523/55144/12/coadd, 1D: 4619, 147808
/3523/55144/120/coadd, 1D: 4619, 147808
/3523/55144/121/coadd, 1D: 4619, 147808
/3523/55144/122/coadd, 1D: 4619, 147808
/3523/55144/123/coadd, 1D: 4619, 147808
/3523/55144/124/coadd, 1D: 4619, 147808
/3523/55144/125/coadd, 1D: 4619, 147808
/3523/55144/126/coadd, 1D: 4619, 147808
/3523/55144/127/coadd, 1D: 4619, 147808
/3523/55144/128/coadd, 1D: 4619, 147808
/3523/55144/129/coadd, 1D: 4619, 147808
/3523/55144/13/coadd, 1D: 4619, 147808
/3523/55144/130/coadd, 1D: 4619, 147808
/3523/55144/131/coadd, 1D: 4619, 147808
/3523/55144/132/coadd, 1D: 4619, 147808
/3523/55144/133/coadd, 1D: 4619, 147808
/3523/55144/134/coadd, 1D: 4619, 147808
/3523/55144/135/coadd, 1D: 4619, 147808
/3523/55144/136/coadd, 1D: 4619, 147808
/3523/55144/137/coadd, 1D: 4619, 147808
/3523/55144/138/coadd, 1D: 4619, 147808
/3523/55144/139/coadd, 1D: 4619, 147808
/3523/55144/14/coadd, 1D: 4619, 147808
/3523/55144/140/coadd, 1D: 4619, 147808
/3523/55144/141/coadd, 1D: 4619, 147808
/3523/55144/142/coadd, 1D: 4619, 147808
/3523/55144/143/coadd, 1D: 4619, 147808
/3523/55144/144/coadd, 1D: 4619, 147808
/3523/55144/145/coadd, 1D: 4619, 147808
/3523/55144/146/coadd, 1D: 4619, 147808
/3523/55144/147/coadd, 1D: 4619, 147808
/3523/55144/148/coadd, 1D: 4619, 147808
/3523/55144/149/coadd, 1D: 4619, 147808
/3523/55144/15/coadd, 1D: 4619, 147808
/3523/55144/150/coadd, 1D: 4619, 147808
/3523/55144/151/coadd, 1D: 4619, 147808
/3523/55144/152/coadd, 1D: 4619, 147808
/3523/55144/153/coadd, 1D: 4619, 147808
/3523/55144/154/coadd, 1D: 4619, 147808
/3523/55144/155/coadd, 1D: 4619, 147808
/3523/55144/156/coadd, 1D: 4619, 147808
/3523/55144/157/coadd, 1D: 4619, 147808
/3523/55144/158/coadd, 1D: 4619, 147808
/3523/55144/159/coadd, 1D: 4619, 147808
/3523/55144/16/coadd, 1D: 4619, 147808
/3523/55144/160/coadd, 1D: 4619, 147808
/3523/55144/161/coadd, 1D: 4619, 147808
/3523/55144/162/coadd, 1D: 4619, 147808
/3523/55144/163/coadd, 1D: 4619, 147808
/3523/55144/164/coadd, 1D: 4619, 147808
/3523/55144/165/coadd, 1D: 4619, 147808
/3523/55144/166/coadd, 1D: 4619, 147808
/3523/55144/167/coadd, 1D: 4619, 147808
/3523/55144/168/coadd, 1D: 4619, 147808
/3523/55144/169/coadd, 1D: 4619, 147808
/3523/55144/17/coadd, 1D: 4619, 147808
/3523/55144/170/coadd, 1D: 4619, 147808
/3523/55144/171/coadd, 1D: 4619, 147808
/3523/55144/172/coadd, 1D: 4619, 147808
/3523/55144/173/coadd, 1D: 4619, 147808
/3523/55144/174/coadd, 1D: 4619, 147808
/3523/55144/175/coadd, 1D: 4619, 147808
/3523/55144/176/coadd, 1D: 4619, 147808
/3523/55144/177/coadd, 1D: 4619, 147808
